##system_user
use pharmacy;
insert into system_user (phone, firstname, lastname, dateofbirth, address, email) values ('1294333157', 'Selie', 'Arnoldi', '1993-10-01', '91223 Maple Wood Road', 'sarnoldi0@ehow.com');
insert into system_user (phone, firstname, lastname, dateofbirth, address, email) values ('9218307743', 'Tiertza', 'Pyner', '1993-01-04', '4918 Westend Terrace', 'tpyner1@discovery.com');
insert into system_user (phone, firstname, lastname, dateofbirth, address, email) values ('2142565235', 'Celisse', 'Scrine', '1995-03-31', '1847 Marquette Crossing', 'cscrine2@w3.org');
insert into system_user (phone, firstname, lastname, dateofbirth, address, email) values ('6383637136', 'Hephzibah', 'Budgey', '1979-02-20', '305 Morrow Plaza', 'hbudgey3@drupal.org');
insert into system_user (phone, firstname, lastname, dateofbirth, address, email) values ('3209599164', 'Aaren', 'Varnes', '1982-07-11', '0824 Sunfield Park', 'avarnes4@mail.ru');
insert into system_user (phone, firstname, lastname, dateofbirth, address, email) values ('9208879928', 'Skipton', 'Kiss', '1992-07-14', '0584 Waxwing Crossing', 'skiss5@odnoklassniki.ru');
insert into system_user (phone, firstname, lastname, dateofbirth, address, email) values ('4567073966', 'Candra', 'Dace', '1978-02-09', '6 Chinook Circle', 'cdace6@drupal.org');
insert into system_user (phone, firstname, lastname, dateofbirth, address, email) values ('5625058175', 'Nickola', 'Yukhin', '1978-03-26', '1 Ridgeway Junction', 'nyukhin7@ted.com');
insert into system_user (phone, firstname, lastname, dateofbirth, address, email) values ('5233608871', 'Dewain', 'Langridge', '1999-09-23', '55535 Little Fleur Center', 'dlangridge8@pbs.org');
insert into system_user (phone, firstname, lastname, dateofbirth, address, email) values ('4195622390', 'Nicholas', 'Stobbes', '1990-04-16', '595 Esker Junction', 'nstobbes9@google.com.hk');
insert into system_user (phone, firstname, lastname, dateofbirth, address, email) values ('1958308500', 'Nicola', 'Edginton', '1986-05-14', '153 Tomscot Alley', 'nedgintona@ning.com');
insert into system_user (phone, firstname, lastname, dateofbirth, address, email) values ('7456342352', 'Anna-diane', 'O''dell', '1995-06-10', '22 8th Road', 'aodellb@jugem.jp');
insert into system_user (phone, firstname, lastname, dateofbirth, address, email) values ('8605001183', 'Bernie', 'Mateo', '1995-08-01', '89 Goodland Street', 'bmateoc@constantcontact.com');
insert into system_user (phone, firstname, lastname, dateofbirth, address, email) values ('4667975656', 'Annabel', 'Philipot', '1990-01-07', '3958 Mcguire Circle', 'aphilipotd@cisco.com');
insert into system_user (phone, firstname, lastname, dateofbirth, address, email) values ('5465267840', 'Boot', 'Rawdales', '1998-11-19', '39869 Kensington Park', 'brawdalese@jigsy.com');
insert into system_user (phone, firstname, lastname, dateofbirth, address, email) values ('9218663584', 'Aylmer', 'Doughtery', '1976-02-13', '7 Arrowood Circle', 'adoughteryf@skype.com');
insert into system_user (phone, firstname, lastname, dateofbirth, address, email) values ('6168625545', 'Fern', 'Ingleson', '1982-09-16', '409 Burning Wood Parkway', 'finglesong@ucsd.edu');
insert into system_user (phone, firstname, lastname, dateofbirth, address, email) values ('8087052230', 'Gill', 'Hammerson', '1979-10-01', '817 Surrey Park', 'ghammersonh@meetup.com');
insert into system_user (phone, firstname, lastname, dateofbirth, address, email) values ('3235248605', 'Brenna', 'Carncross', '1999-03-15', '48 Warner Plaza', 'bcarncrossi@globo.com');
insert into system_user (phone, firstname, lastname, dateofbirth, address, email) values ('3596195396', 'Kitti', 'Janz', '1980-12-18', '56 Holy Cross Terrace', 'kjanzj@360.cn');
insert into system_user (phone, firstname, lastname, dateofbirth, address, email) values ('4812114891', 'Veronika', 'Colaton', '1986-11-27', '0254 Wayridge Road', 'vcolatonk@wordpress.com');
insert into system_user (phone, firstname, lastname, dateofbirth, address, email) values ('8201402359', 'Lu', 'Innwood', '1978-04-21', '8847 Jackson Avenue', 'linnwoodl@domainmarket.com');
insert into system_user (phone, firstname, lastname, dateofbirth, address, email) values ('2389266948', 'Corbet', 'Walkington', '1980-05-19', '95 Barby Crossing', 'cwalkingtonm@msu.edu');
insert into system_user (phone, firstname, lastname, dateofbirth, address, email) values ('8844091627', 'Danni', 'Hansley', '1976-12-30', '95827 Miller Park', 'dhansleyn@blog.com');
insert into system_user (phone, firstname, lastname, dateofbirth, address, email) values ('3889952579', 'Tony', 'Wackett', '1975-07-18', '8925 Gulseth Park', 'twacketto@msn.com');
insert into system_user (phone, firstname, lastname, dateofbirth, address, email) values ('4016521042', 'Latashia', 'Dargue', '1976-01-21', '47 Westend Way', 'ldarguep@clickbank.net');
insert into system_user (phone, firstname, lastname, dateofbirth, address, email) values ('9632222868', 'Gilligan', 'Mudie', '1985-05-23', '3 Anniversary Plaza', 'gmudieq@nature.com');
insert into system_user (phone, firstname, lastname, dateofbirth, address, email) values ('1941879472', 'Susana', 'Romand', '1986-06-03', '3 Kingsford Way', 'sromandr@goo.gl');
insert into system_user (phone, firstname, lastname, dateofbirth, address, email) values ('8899459449', 'Hope', 'Gorgl', '1992-07-28', '152 Transport Lane', 'hgorgls@odnoklassniki.ru');
insert into system_user (phone, firstname, lastname, dateofbirth, address, email) values ('8458116124', 'Florian', 'Moorton', '1991-06-07', '599 Memorial Circle', 'fmoortont@java.com');

#patient
insert into patient (phone, medical_history, height, weight, blood_type, medical_background) values ('1294333157', 'Nondisp fx of lateral end of unsp clavicle, init for clos fx', 175, 59, 'A', 'Extirpation of Matter from Right Hand Artery, Open Approach');
insert into patient (phone, medical_history, height, weight, blood_type, medical_background) values ('9218307743', 'Oth fx shaft of rad, unsp arm, 7thF', 158, 61, 'AB', 'Introduction of Anti-inflam into Male Reprod, Via Opening');
insert into patient (phone, medical_history, height, weight, blood_type, medical_background) values ('2142565235', 'Nondisp fx of nk of 2nd MC bone, l hand, 7thK', 168, 82, 'O', 'Inspection of Lumbar Vertebral Disc, Open Approach');
insert into patient (phone, medical_history, height, weight, blood_type, medical_background) values ('6383637136', 'Oth psychoactv sub use, unsp w psych disorder w delusions', 175, 61, 'B', 'Supplement L Int Iliac Art with Nonaut Sub, Perc Approach');
insert into patient (phone, medical_history, height, weight, blood_type, medical_background) values ('3209599164', 'Autistic disorder', 158, 89, 'AB', 'Supplement Cystic Duct with Nonaut Sub, Perc Approach');
insert into patient (phone, medical_history, height, weight, blood_type, medical_background) values ('9208879928', 'Suprvsn of preg with history of molar preg, second trimester', 162, 72, 'B', 'Bypass L Pulm Art from Innom Art w Nonaut Sub, Open');
insert into patient (phone, medical_history, height, weight, blood_type, medical_background) values ('4567073966', 'Toxic effect of tobacco and nicotine, self-harm, sequela', 156, 48, 'AB', 'Excision of Left Shoulder Muscle, Open Approach');
insert into patient (phone, medical_history, height, weight, blood_type, medical_background) values ('5625058175', 'Oth injury of unsp innominate or subclavian artery, sequela', 142, 48, 'A', 'Dilation of Left Radial Artery, Bifurc, Perc Endo Approach');
insert into patient (phone, medical_history, height, weight, blood_type, medical_background) values ('5233608871', 'Laceration without foreign body of penis, sequela', 154, 88, 'O', 'Excision of Left Lower Extremity Lymphatic, Open Approach');
insert into patient (phone, medical_history, height, weight, blood_type, medical_background) values ('4195622390', 'Oth injuries of right wrist, hand and finger(s), sequela', 143, 83, 'B', 'Drainage of Right Pelvic Bone, Perc Endo Approach');


#doctor
insert into  doctor (phone, specialism, experience_year) values ('1958308500', 'Immunologists', 20);
insert into  doctor (phone, specialism, experience_year) values ('7456342352', 'Anesthesiologists', 15);
insert into  doctor (phone, specialism, experience_year) values ('8605001183', 'Cardiologists', 6);
insert into  doctor (phone, specialism, experience_year) values ('4667975656', 'Cardiologists', 1);
insert into  doctor (phone, specialism, experience_year) values ('5465267840', 'Critical Care Medicine Specialists', 3);
insert into  doctor (phone, specialism, experience_year) values ('9218663584', 'Dermatologists', 9);
insert into  doctor (phone, specialism, experience_year) values ('6168625545', 'Emergency Medicine Specialists', 12);
insert into  doctor (phone, specialism, experience_year) values ('8087052230', 'Emergency Medicine Specialists', 8);
insert into  doctor (phone, specialism, experience_year) values ('3235248605', 'Family Physicians', 15);
insert into  doctor (phone, specialism, experience_year) values ('3596195396', 'Gastroenterologists', 15);

#nurse
insert into nurse (phone, job_title) values ('4812114891', 'Nurse Practitioner');
insert into nurse (phone, job_title) values ('8201402359', 'Occupational Therapist');
insert into nurse (phone, job_title) values ('2389266948', 'Medical Job Titles');
insert into nurse (phone, job_title) values ('8844091627', 'Physical Therapist');
insert into nurse (phone, job_title) values ('3889952579', 'Physician Assistant');
insert into nurse (phone, job_title) values ('4016521042', 'Medical Job Titles');
insert into nurse (phone, job_title) values ('9632222868', 'Accountant');
insert into nurse (phone, job_title) values ('1941879472', 'Home Health Aide');
insert into nurse (phone, job_title) values ('8899459449', 'Nurse Practitioner');
insert into nurse (phone, job_title) values ('8458116124', 'Physician Assistant');

#work_schedule
insert into work_schedule (doctor_phone, work_day, work_session) values ('1958308500', 7, 'S');
insert into work_schedule (doctor_phone, work_day, work_session) values ('7456342352', 3, 'S');
insert into work_schedule (doctor_phone, work_day, work_session) values ('8605001183', 6, 'C');
insert into work_schedule (doctor_phone, work_day, work_session) values ('4667975656', 2, 'S');
insert into work_schedule (doctor_phone, work_day, work_session) values ('5465267840', 4, 'C');
insert into work_schedule (doctor_phone, work_day, work_session) values ('9218663584', 2, 'C');
insert into work_schedule (doctor_phone, work_day, work_session) values ('6168625545', 6, 'S');
insert into work_schedule (doctor_phone, work_day, work_session) values ('8087052230', 5, 'S');
insert into work_schedule (doctor_phone, work_day, work_session) values ('3235248605', 4, 'C');
insert into work_schedule (doctor_phone, work_day, work_session) values ('3596195396', 8, 'S');

#treatment_turn
insert into treatment_turn (id, turn_time, health_issue, blood_pressure, heart_beat, therapy, diagnose, start_time, end_time, patient_phone, doctor_phone) values ('J9602', '11:57:00', 'Acute respiratory failure with hypercapnia', 129, 79, 'Fusion of R Metatarsophal Jt with Nonaut Sub, Perc Approach', 'Hx-anti-infect allergy', '12:42:00', '14:03:00', '1294333157', '1958308500');
insert into treatment_turn (id, turn_time, health_issue, blood_pressure, heart_beat, therapy, diagnose, start_time, end_time, patient_phone, doctor_phone) values ('S80241D', '10:11:00', 'External constriction, right knee, subsequent encounter', 97, 65, 'Transfer Oculomotor Nerve to Trochlear Nerve, Open Approach', 'Chr myl leuk w rmsion', '12:26:00', '14:01:00', '9218307743', '7456342352');
insert into treatment_turn (id, turn_time, health_issue, blood_pressure, heart_beat, therapy, diagnose, start_time, end_time, patient_phone, doctor_phone) values ('S62184B', '14:29:00', 'Nondisp fx of trapezoid, right wrist, init for opn fx', 104, 90, 'Removal of Autol Sub from R Toe Phalanx Jt, Perc Approach', 'Contusion axillary reg', '15:58:00', '17:38:00', '2142565235', '8605001183');
insert into treatment_turn (id, turn_time, health_issue, blood_pressure, heart_beat, therapy, diagnose, start_time, end_time, patient_phone, doctor_phone) values ('S82443E', '7:00:00', 'Displ spiral fx shaft of unsp fibula, 7thE', 133, 110, 'Drainage of Right Vocal Cord, Perc Endo Approach, Diagn', 'Mv-train coll-mcycl psgr', '7:30:00', '9:14:00', '6383637136', '4667975656');
insert into treatment_turn (id, turn_time, health_issue, blood_pressure, heart_beat, therapy, diagnose, start_time, end_time, patient_phone, doctor_phone) values ('T82538', '7:27:00', 'Leakage of other cardiac and vascular devices and implants', 129, 60, 'Occlusion of Left Lesser Saphenous Vein, Perc Endo Approach', 'Cong abn uter-del w p/p', '8:25:00', '10:47:00', '3209599164', '5465267840');
insert into treatment_turn (id, turn_time, health_issue, blood_pressure, heart_beat, therapy, diagnose, start_time, end_time, patient_phone, doctor_phone) values ('J633', '14:03:00', 'Graphite fibrosis (of lung)', 107, 100, 'Occlusion of Right Temporal Artery, Open Approach', 'H. influenae septicemia', '16:44:00', '18:00:00', '9208879928', '9218663584');
insert into treatment_turn (id, turn_time, health_issue, blood_pressure, heart_beat, therapy, diagnose, start_time, end_time, patient_phone, doctor_phone) values ('X374', '7:40:00', 'Tidalwave', 93, 93, 'Revision of Synth Sub in L Hip Jt, Femoral, Extern Approach', 'Syphilis-postpartum', '9:00:00', '11:00:00', '4567073966', '6168625545');
insert into treatment_turn (id, turn_time, health_issue, blood_pressure, heart_beat, therapy, diagnose, start_time, end_time, patient_phone, doctor_phone) values ('T59814', '13:28:00', 'Toxic effect of smoke, undetermined', 158, 98, 'Dilation of Left Foot Artery, Open Approach', 'Inf arthrit NOS-hand', '14:01:00', '16:21:00', '5625058175', '8087052230');
insert into treatment_turn (id, turn_time, health_issue, blood_pressure, heart_beat, therapy, diagnose, start_time, end_time, patient_phone, doctor_phone) values ('S63497A', '7:39:00', 'Traum rupture of ligmt of l little finger at MCP/IP jt, init', 131, 75, 'Revision of Synth Sub in R Hip Jt, Acetab, Extern Approach', 'Hpt C acute wo hpat coma', '8:44:00', '10:39:00', '5233608871', '3235248605');
insert into treatment_turn (id, turn_time, health_issue, blood_pressure, heart_beat, therapy, diagnose, start_time, end_time, patient_phone, doctor_phone) values ('S71151A', '7:16:00', 'Open bite, right thigh, initial encounter', 116, 103, 'Replacement of Aortic Valve with Autol Sub, Open Approach', 'Leg abor w pelv inf-comp', '8:23:00', '11:00:00', '4195622390', '3596195396');

#medicine
insert into medicine (id, created_date) values ('T22012D', '2021-08-30');
insert into medicine (id, created_date) values ('S92033D', '2021-07-18');
insert into medicine (id, created_date) values ('S42209A', '2021-10-05');
insert into medicine (id, created_date) values ('T5192XS', '2021-01-27');
insert into medicine (id, created_date) values ('T372X6A', '2021-08-27');
insert into medicine (id, created_date) values ('H04433',  '2021-10-06');
insert into medicine (id, created_date) values ('T84610A', '2021-07-31');
insert into medicine (id, created_date) values ('H44003',  '2021-07-08');
insert into medicine (id, created_date) values ('S63228S', '2021-01-04');
insert into medicine (id, created_date) values ('S93492D', '2021-03-13');

#prescriptive_medicine
insert into prescriptive_medicine (prescribe_id, treatment_id) values ('T22012D', 'J9602');
insert into prescriptive_medicine (prescribe_id, treatment_id) values ('S92033D', 'S80241D');
insert into prescriptive_medicine (prescribe_id, treatment_id) values ('S42209A', 'S62184B');
insert into prescriptive_medicine (prescribe_id, treatment_id) values ('T5192XS', 'S82443E');
insert into prescriptive_medicine (prescribe_id, treatment_id) values ('T372X6A', 'T82538');
insert into prescriptive_medicine (prescribe_id, treatment_id) values ('H04433', 'J633');
insert into prescriptive_medicine (prescribe_id, treatment_id) values ('T84610A', 'X374');
insert into prescriptive_medicine (prescribe_id, treatment_id) values ('H44003', 'T59814');
insert into prescriptive_medicine (prescribe_id, treatment_id) values ('S63228S', 'S63497A');
insert into prescriptive_medicine (prescribe_id, treatment_id) values ('S93492D', 'S71151A');

#purchase_medicine
insert into purchase_medicine (purchase_id, patient_phone) values ('T22012D', '1294333157');
insert into purchase_medicine (purchase_id, patient_phone) values ('S92033D', '9218307743');
insert into purchase_medicine (purchase_id, patient_phone) values ('S42209A', '2142565235');
insert into purchase_medicine (purchase_id, patient_phone) values ('T5192XS', '6383637136');
insert into purchase_medicine (purchase_id, patient_phone) values ('T372X6A', '3209599164');
insert into purchase_medicine (purchase_id, patient_phone) values ('H04433', '9208879928');
insert into purchase_medicine (purchase_id, patient_phone) values ('T84610A', '4567073966');
insert into purchase_medicine (purchase_id, patient_phone) values ('H44003', '5625058175');
insert into purchase_medicine (purchase_id, patient_phone) values ('S63228S', '5233608871');
insert into purchase_medicine (purchase_id, patient_phone) values ('S93492D', '4195622390');

#drug
insert into drug (drug_name, price) values ('PHENYLEPHRINE HCHLORIDE', 29);
insert into drug (drug_name, price) values ('ibuprofen', 11);
insert into drug (drug_name, price) values ('SODIUM FLUORIDE', 28);
insert into drug (drug_name, price) values ('Hydrocortisone', 10);
insert into drug (drug_name, price) values ('lactulose', 20);
insert into drug (drug_name, price) values ('Neomycin and Polymyxin B Sulfates', 19);
insert into drug (drug_name, price) values ('PHENYLEPHRINE HYDROCHLORIDE', 8);
insert into drug (drug_name, price) values ('ESZOPICLONE', 24);
insert into drug (drug_name, price) values ('Lamotrigine', 26);
insert into drug (drug_name, price) values ('Cotton', 14);

#payment
insert into payment (id, method, created_date, nurse_phone, medicine_id	) values ('380978', 'Inga', '2021-05-22', '4812114891', 'T22012D');
insert into payment (id, method, created_date, nurse_phone, medicine_id	) values ('839526', 'Chris', '2021-06-15', '8201402359', 'S92033D');
insert into payment (id, method, created_date, nurse_phone, medicine_id	) values ('202705', 'Rees', '2021-09-19', '2389266948', 'S42209A');
insert into payment (id, method, created_date, nurse_phone, medicine_id	) values ('761309', 'Livy', '2021-09-06', '8844091627', 'T5192XS');
insert into payment (id, method, created_date, nurse_phone, medicine_id	) values ('734393', 'Larina', '2021-05-10', '3889952579', 'T372X6A');
insert into payment (id, method, created_date, nurse_phone, medicine_id	) values ('903136', 'Miguela', '2021-08-13', '4016521042', 'H04433');
insert into payment (id, method, created_date, nurse_phone, medicine_id	) values ('219202', 'Angel', '2021-07-03', '9632222868', 'T84610A');
insert into payment (id, method, created_date, nurse_phone, medicine_id	) values ('912738', 'Creighton', '2021-02-19', '1941879472', 'H44003');
insert into payment (id, method, created_date, nurse_phone, medicine_id	) values ('445026', 'Maryl', '2021-05-02', '8899459449', 'S63228S');
insert into payment (id, method, created_date, nurse_phone, medicine_id	) values ('340337', 'Dene', '2021-10-12', '8458116124', 'S93492D');

#include
insert into include (medicine_id, drug_name, quantity) values ('T22012D', 'PHENYLEPHRINE HCHLORIDE', 5);
insert into include (medicine_id, drug_name, quantity) values ('S92033D', 'ibuprofen', 5);
insert into include (medicine_id, drug_name, quantity) values ('S42209A', 'SODIUM FLUORIDE', 9);
insert into include (medicine_id, drug_name, quantity) values ('T5192XS', 'Hydrocortisone', 6);
insert into include (medicine_id, drug_name, quantity) values ('T372X6A', 'lactulose', 4);
insert into include (medicine_id, drug_name, quantity) values ('H04433', 'Neomycin and Polymyxin B Sulfates', 3);
insert into include (medicine_id, drug_name, quantity) values ('T84610A', 'PHENYLEPHRINE HYDROCHLORIDE', 3);
insert into include (medicine_id, drug_name, quantity) values ('H44003', 'ESZOPICLONE', 9);
insert into include (medicine_id, drug_name, quantity) values ('S63228S', 'Lamotrigine', 6);
insert into include (medicine_id, drug_name, quantity) values ('S93492D', 'Cotton', 8);